p_id,p_time
process0,1
process1,2
process2,3
process3,4
process4,5
process5,6
process6,7
process7,8
process8,9
process9,10
process10,11
process11,12
process12,13
process13,14
process14,15
process15,16
process16,17
process17,18
process18,19
process19,20
process20,21
process21,22
process22,23
process23,24
process24,25
process25,26
process26,27
process27,28
process28,29
process29,30
process30,31
process31,32
process32,33
process33,34
process34,35
process35,36
process36,37
process37,38
process38,39
process39,40
process40,41
process41,42
process42,43
process43,44
process44,45
process45,46
process46,47
process47,48
process48,49
process49,50
process50,51
process51,52
process52,53
process53,54
process54,55
process55,56
process56,57
process57,58
process58,59
process59,60
process60,61
process61,62
process62,63
process63,64
process64,65
process65,66
process66,67
process67,68
process68,69
process69,70
process70,71
process71,72
process72,73
process73,74
process74,75
process75,76
process76,77
process77,78
process78,79
process79,80
process80,81
process81,82
process82,83
process83,84
process84,85
process85,86
process86,87
process87,88
process88,89
process89,90
process90,91
process91,92
process92,93
process93,94
process94,95
process95,96
process96,97
process97,98
process98,99
process99,100
process100,101
process101,102
process102,103
process103,104
process104,105
process105,106
process106,107
process107,108
process108,109
process109,110
process110,111
process111,112
process112,113
process113,114
process114,115
process115,116
process116,117
process117,118
process118,119
process119,120
process120,121
process121,122
process122,123
process123,124
process124,125
process125,126
process126,127
process127,128
process128,129
process129,130
process130,131
process131,132
process132,133
process133,134
process134,135
process135,136
process136,137
process137,138
process138,139
process139,140
process140,141
process141,142
process142,143
process143,144
process144,145
process145,146
process146,147
process147,148
process148,149
process149,150
process150,151
process151,152
process152,153
process153,154
process154,155
process155,156
process156,157
process157,158
process158,159
process159,160
process160,161
process161,162
process162,163
process163,164
process164,165
process165,166
process166,167
process167,168
process168,169
process169,170
process170,171
process171,172
process172,173
process173,174
process174,175
process175,176
process176,177
process177,178
process178,179
process179,180
process180,181
process181,182
process182,183
process183,184
process184,185
process185,186
process186,187
process187,188
process188,189
process189,190
process190,191
process191,192
process192,193
process193,194
process194,195
process195,196
process196,197
process197,198
process198,199
process199,200
process200,201
process201,202
process202,203
process203,204
process204,205
process205,206
process206,207
process207,208
process208,209
process209,210
process210,211
process211,212
process212,213
process213,214
process214,215
process215,216
process216,217
process217,218
process218,219
process219,220
process220,221
process221,222
process222,223
process223,224
process224,225
process225,226
process226,227
process227,228
process228,229
process229,230
process230,231
process231,232
process232,233
process233,234
process234,235
process235,236
process236,237
process237,238
process238,239
process239,240
process240,241
process241,242
process242,243
process243,244
process244,245
process245,246
process246,247
process247,248
process248,249
process249,250
process250,251
process251,252
process252,253
process253,254
process254,255
process255,256
process256,257
process257,258
process258,259
process259,260
process260,261
process261,262
process262,263
process263,264
process264,265
process265,266
process266,267
process267,268
process268,269
process269,270
process270,271
process271,272
process272,273
process273,274
process274,275
process275,276
process276,277
process277,278
process278,279
process279,280
process280,281
process281,282
process282,283
process283,284
process284,285
process285,286
process286,287
process287,288
process288,289
process289,290
process290,291
process291,292
process292,293
process293,294
process294,295
process295,296
process296,297
process297,298
process298,299
process299,300
process300,301
process301,302
process302,303
process303,304
process304,305
process305,306
process306,307
process307,308
process308,309
process309,310
process310,311
process311,312
process312,313
process313,314
process314,315
process315,316
process316,317
process317,318
process318,319
process319,320
process320,321
process321,322
process322,323
process323,324
process324,325
process325,326
process326,327
process327,328
process328,329
process329,330
process330,331
process331,332
process332,333
process333,334
process334,335
process335,336
process336,337
process337,338
process338,339
process339,340
process340,341
process341,342
process342,343
process343,344
process344,345
process345,346
process346,347
process347,348
process348,349
process349,350
process350,351
process351,352
process352,353
process353,354
process354,355
process355,356
process356,357
process357,358
process358,359
process359,360
process360,361
process361,362
process362,363
process363,364
process364,365
process365,366
process366,367
process367,368
process368,369
process369,370
process370,371
process371,372
process372,373
process373,374
process374,375
process375,376
process376,377
process377,378
process378,379
process379,380
process380,381
process381,382
process382,383
process383,384
process384,385
process385,386
process386,387
process387,388
process388,389
process389,390
process390,391
process391,392
process392,393
process393,394
process394,395
process395,396
process396,397
process397,398
process398,399
process399,400
process400,401
process401,402
process402,403
process403,404
process404,405
process405,406
process406,407
process407,408
process408,409
process409,410
process410,411
process411,412
process412,413
process413,414
process414,415
process415,416
process416,417
process417,418
process418,419
process419,420
process420,421
process421,422
process422,423
process423,424
process424,425
process425,426
process426,427
process427,428
process428,429
process429,430
process430,431
process431,432
process432,433
process433,434
process434,435
process435,436
process436,437
process437,438
process438,439
process439,440
process440,441
process441,442
process442,443
process443,444
process444,445
process445,446
process446,447
process447,448
process448,449
process449,450
process450,451
process451,452
process452,453
process453,454
process454,455
process455,456
process456,457
process457,458
process458,459
process459,460
process460,461
process461,462
process462,463
process463,464
process464,465
process465,466
process466,467
process467,468
process468,469
process469,470
process470,471
process471,472
process472,473
process473,474
process474,475
process475,476
process476,477
process477,478
process478,479
process479,480
process480,481
process481,482
process482,483
process483,484
process484,485
process485,486
process486,487
process487,488
process488,489
process489,490
process490,491
process491,492
process492,493
process493,494
process494,495
process495,496
process496,497
process497,498
process498,499
process499,500
process500,501
process501,502
process502,503
process503,504
process504,505
process505,506
process506,507
process507,508
process508,509
process509,510
process510,511
process511,512
process512,513
process513,514
process514,515
process515,516
process516,517
process517,518
process518,519
process519,520
process520,521
process521,522
process522,523
process523,524
process524,525
process525,526
process526,527
process527,528
process528,529
process529,530
process530,531
process531,532
process532,533
process533,534
process534,535
process535,536
process536,537
process537,538
process538,539
process539,540
process540,541
process541,542
process542,543
process543,544
process544,545
process545,546
process546,547
process547,548
process548,549
process549,550
process550,551
process551,552
process552,553
process553,554
process554,555
process555,556
process556,557
process557,558
process558,559
process559,560
process560,561
process561,562
process562,563
process563,564
process564,565
process565,566
process566,567
process567,568
process568,569
process569,570
process570,571
process571,572
process572,573
process573,574
process574,575
process575,576
process576,577
process577,578
process578,579
process579,580
process580,581
process581,582
process582,583
process583,584
process584,585
process585,586
process586,587
process587,588
process588,589
process589,590
process590,591
process591,592
process592,593
process593,594
process594,595
process595,596
process596,597
process597,598
process598,599
process599,600
process600,601
process601,602
process602,603
process603,604
process604,605
process605,606
process606,607
process607,608
process608,609
process609,610
process610,611
process611,612
process612,613
process613,614
process614,615
process615,616
process616,617
process617,618
process618,619
process619,620
process620,621
process621,622
process622,623
process623,624
process624,625
process625,626
process626,627
process627,628
process628,629
process629,630
process630,631
process631,632
process632,633
process633,634
process634,635
process635,636
process636,637
process637,638
process638,639
process639,640
process640,641
process641,642
process642,643
process643,644
process644,645
process645,646
process646,647
process647,648
process648,649
process649,650
process650,651
process651,652
process652,653
process653,654
process654,655
process655,656
process656,657
process657,658
process658,659
process659,660
process660,661
process661,662
process662,663
process663,664
process664,665
process665,666
process666,667
process667,668
process668,669
process669,670
process670,671
process671,672
process672,673
process673,674
process674,675
process675,676
process676,677
process677,678
process678,679
process679,680
process680,681
process681,682
process682,683
process683,684
process684,685
process685,686
process686,687
process687,688
process688,689
process689,690
process690,691
process691,692
process692,693
process693,694
process694,695
process695,696
process696,697
process697,698
process698,699
process699,700
process700,701
process701,702
process702,703
process703,704
process704,705
process705,706
process706,707
process707,708
process708,709
process709,710
process710,711
process711,712
process712,713
process713,714
process714,715
process715,716
process716,717
process717,718
process718,719
process719,720
process720,721
process721,722
process722,723
process723,724
process724,725
process725,726
process726,727
process727,728
process728,729
process729,730
process730,731
process731,732
process732,733
process733,734
process734,735
process735,736
process736,737
process737,738
process738,739
process739,740
process740,741
process741,742
process742,743
process743,744
process744,745
process745,746
process746,747
process747,748
process748,749
process749,750
process750,751
process751,752
process752,753
process753,754
process754,755
process755,756
process756,757
process757,758
process758,759
process759,760
process760,761
process761,762
process762,763
process763,764
process764,765
process765,766
process766,767
process767,768
process768,769
process769,770
process770,771
process771,772
process772,773
process773,774
process774,775
process775,776
process776,777
process777,778
process778,779
process779,780
process780,781
process781,782
process782,783
process783,784
process784,785
process785,786
process786,787
process787,788
process788,789
process789,790
process790,791
process791,792
process792,793
process793,794
process794,795
process795,796
process796,797
process797,798
process798,799
process799,800
process800,801
process801,802
process802,803
process803,804
process804,805
process805,806
process806,807
process807,808
process808,809
process809,810
process810,811
process811,812
process812,813
process813,814
process814,815
process815,816
process816,817
process817,818
process818,819
process819,820
process820,821
process821,822
process822,823
process823,824
process824,825
process825,826
process826,827
process827,828
process828,829
process829,830
process830,831
process831,832
process832,833
process833,834
process834,835
process835,836
process836,837
process837,838
process838,839
process839,840
process840,841
process841,842
process842,843
process843,844
process844,845
process845,846
process846,847
process847,848
process848,849
process849,850
process850,851
process851,852
process852,853
process853,854
process854,855
process855,856
process856,857
process857,858
process858,859
process859,860
process860,861
process861,862
process862,863
process863,864
process864,865
process865,866
process866,867
process867,868
process868,869
process869,870
process870,871
process871,872
process872,873
process873,874
process874,875
process875,876
process876,877
process877,878
process878,879
process879,880
process880,881
process881,882
process882,883
process883,884
process884,885
process885,886
process886,887
process887,888
process888,889
process889,890
process890,891
process891,892
process892,893
process893,894
process894,895
process895,896
process896,897
process897,898
process898,899
process899,900
process900,901
process901,902
process902,903
process903,904
process904,905
process905,906
process906,907
process907,908
process908,909
process909,910
process910,911
process911,912
process912,913
process913,914
process914,915
process915,916
process916,917
process917,918
process918,919
process919,920
process920,921
process921,922
process922,923
process923,924
process924,925
process925,926
process926,927
process927,928
process928,929
process929,930
process930,931
process931,932
process932,933
process933,934
process934,935
process935,936
process936,937
process937,938
process938,939
process939,940
process940,941
process941,942
process942,943
process943,944
process944,945
process945,946
process946,947
process947,948
process948,949
process949,950
process950,951
process951,952
process952,953
process953,954
process954,955
process955,956
process956,957
process957,958
process958,959
process959,960
process960,961
process961,962
process962,963
process963,964
process964,965
process965,966
process966,967
process967,968
process968,969
process969,970
process970,971
process971,972
process972,973
process973,974
process974,975
process975,976
process976,977
process977,978
process978,979
process979,980
process980,981
process981,982
process982,983
process983,984
process984,985
process985,986
process986,987
process987,988
process988,989
process989,990
process990,991
process991,992
process992,993
process993,994
process994,995
process995,996
process996,997
process997,998
process998,999
process999,1000
